Workbook
Name _Active_Branches: Branch!$M$2
Name Total_Items_Issued: Issuance!$M$2
Name Total_Items_Received: Receipts_Data!$O$2
Name Total_Units: Receipts_Data!$G$24

Sheet DashBoard

Sheet Receipts_Data
A1: {=_xlfn.UNIQUE(I:I,FALSE,TRUE)} -> Item Name | B1: Received | C1: Issued | D1: Balance | O1: Total Items Received
A2: Meal Boxes (Small) | B2: =_xlfn.XLOOKUP(A2,I:I,K:K,0) -> 3000 | C2: =_xlfn.XLOOKUP(A2,Issuance!B:B,Issuance!D:D,0) -> 800 | D2: =B2-C2 -> 2200 | O2: 7730
A3: Meal Boxes (Large) | B3: =_xlfn.XLOOKUP(A3,I:I,K:K,0) -> 2000 | C3: =_xlfn.XLOOKUP(A3,Issuance!B:B,Issuance!D:D,0) -> 600 | D3: =B3-C3 -> 1400
A4: Napkins (Pack) | B4: =_xlfn.XLOOKUP(A4,I:I,K:K,0) -> 500 | C4: =_xlfn.XLOOKUP(A4,Issuance!B:B,Issuance!D:D,0) -> 150 | D4: =B4-C4 -> 350
A5: Whole Chicken (Frozen) | B5: =_xlfn.XLOOKUP(A5,I:I,K:K,0) -> 500 | C5: =_xlfn.XLOOKUP(A5,Issuance!B:B,Issuance!D:D,0) -> 120 | D5: =B5-C5 -> 380 | H5: Receipt ID | I5: Item Name | J5: Category | K5: Qty Received | L5: Unit | M5: Receipt Date | N5: Supplier | O5: Unit Cost (NGN) | P5: Total Cost (NGN) | Q5: Notes
A6: Frying Flour | B6: =_xlfn.XLOOKUP(A6,I:I,K:K,0) -> 400 | C6: =_xlfn.XLOOKUP(A6,Issuance!B:B,Issuance!D:D,0) -> 100 | D6: =B6-C6 -> 300 | H6: PACK-002 | I6: Meal Boxes (Small) | J6: Packaging | K6: 3000 | L6: Pcs | M6: 45717 | N6: PackPro | O6: 150 | P6: 450000
A7: Chicken Breast | B7: =_xlfn.XLOOKUP(A7,I:I,K:K,0) -> 300 | C7: =_xlfn.XLOOKUP(A7,Issuance!B:B,Issuance!D:D,0) -> 75 | D7: =B7-C7 -> 225 | H7: PACK-001 | I7: Meal Boxes (Large) | J7: Packaging | K7: 2000 | L7: Pcs | M7: 45717 | N7: PackPro | O7: 100 | P7: 200000
A8: Chicken Wings | B8: =_xlfn.XLOOKUP(A8,I:I,K:K,0) -> 200 | C8: =_xlfn.XLOOKUP(A8,Issuance!B:B,Issuance!D:D,0) -> 80 | D8: =B8-C8 -> 120 | H8: NAPK-001 | I8: Napkins (Pack) | J8: Misc | K8: 500 | L8: Packs | M8: 45718 | N8: CleanSupply | O8: 250 | P8: 125000
A9: Ice Blocks | B9: =_xlfn.XLOOKUP(A9,I:I,K:K,0) -> 200 | C9: =_xlfn.XLOOKUP(A9,Issuance!B:B,Issuance!D:D,0) -> 50 | D9: =B9-C9 -> 150 | H9: CHKN-001 | I9: Whole Chicken (Frozen) | J9: Protein | K9: 500 | L9: KG | M9: 45718 | N9: FarmFresh Ltd | O9: 1200 | P9: 600000
A10: Frying Oil (Palm) | B10: =_xlfn.XLOOKUP(A10,I:I,K:K,0) -> 150 | C10: =_xlfn.XLOOKUP(A10,Issuance!B:B,Issuance!D:D,0) -> 40 | D10: =B10-C10 -> 110 | H10: FLOUR-001 | I10: Frying Flour | J10: Dry Goods | K10: 400 | L10: KG | M10: 45719 | N10: MillersBest | O10: 800 | P10: 320000
A11: Coleslaw Cabbage | B11: =_xlfn.XLOOKUP(A11,I:I,K:K,0) -> 120 | C11: =_xlfn.XLOOKUP(A11,Issuance!B:B,Issuance!D:D,0) -> 30 | D11: =B11-C11 -> 90 | H11: CHKN-002 | I11: Chicken Breast | J11: Protein | K11: 300 | L11: KG | M11: 45719 | N11: FarmFresh Ltd | O11: 1800 | P11: 540000
A12: Soft Drinks (Crate) | B12: =_xlfn.XLOOKUP(A12,I:I,K:K,0) -> 100 | C12: =_xlfn.XLOOKUP(A12,Issuance!B:B,Issuance!D:D,0) -> 20 | D12: =B12-C12 -> 80 | H12: CHKN-003 | I12: Chicken Wings | J12: Protein | K12: 200 | L12: KG | M12: 45720 | N12: PoultryKing | O12: 1500 | P12: 300000
A13: Seasoning Mix A | B13: =_xlfn.XLOOKUP(A13,I:I,K:K,0) -> 80 | C13: =_xlfn.XLOOKUP(A13,Issuance!B:B,Issuance!D:D,0) -> 20 | D13: =B13-C13 -> 60 | H13: ICE-001 | I13: Ice Blocks | J13: Misc | K13: 200 | L13: Bags | M13: 45720 | N13: IcePlant | O13: 500 | P13: 100000
A14: Pepper (Ground) | B14: =_xlfn.XLOOKUP(A14,I:I,K:K,0) -> 60 | C14: =_xlfn.XLOOKUP(A14,Issuance!B:B,Issuance!D:D,0) -> 15 | D14: =B14-C14 -> 45 | H14: OIL-001 | I14: Frying Oil (Palm) | J14: Cooking | K14: 150 | L14: Litres | M14: 45721 | N14: OilMart | O14: 900 | P14: 135000
A15: Hot Sauce | B15: =_xlfn.XLOOKUP(A15,I:I,K:K,0) -> 90 | C15: =_xlfn.XLOOKUP(A15,Issuance!B:B,Issuance!D:D,0) -> 25 | D15: =B15-C15 -> 65 | H15: VEG-001 | I15: Coleslaw Cabbage | J15: Vegetable | K15: 120 | L15: KG | M15: 45721 | N15: FreshFarm | O15: 400 | P15: 48000
A16: LPG Gas Cylinder | B16: =_xlfn.XLOOKUP(A16,I:I,K:K,0) -> 30 | C16: =_xlfn.XLOOKUP(A16,Issuance!B:B,Issuance!D:D,0) -> 8 | D16: =B16-C16 -> 22 | H16: DRINK-001 | I16: Soft Drinks (Crate) | J16: Beverage | K16: 100 | L16: Crates | M16: 45722 | N16: BevCo | O16: 4500 | P16: 450000
A17: Row Labels | B17: Sum of Qty Received | C17: Sum of Unit Cost (NGN) | H17: SPCE-001 | I17: Seasoning Mix A | J17: Seasoning | K17: 80 | L17: KG | M17: 45722 | N17: SpiceWorld | O17: 2500 | P17: 200000
A18: Chicken Breast | B18: 300 | C18: 1800 | F18: Row Labels | G18: Sum of Unit Cost (NGN) | H18: SPCE-002 | I18: Pepper (Ground) | J18: Seasoning | K18: 60 | L18: KG | M18: 45723 | N18: SpiceWorld | O18: 3000 | P18: 180000
A19: Chicken Wings | B19: 200 | C19: 1500 | F19: BevCo | G19: 4500 | H19: SAUCE-001 | I19: Hot Sauce | J19: Condiment | K19: 90 | L19: Litres | M19: 45723 | N19: SauceHouse | O19: 1200 | P19: 108000
A20: Coleslaw Cabbage | B20: 120 | C20: 400 | F20: FarmFresh Ltd | G20: 3000 | H20: GAS-001 | I20: LPG Gas Cylinder | J20: Utilities | K20: 30 | L20: Units | M20: 45724 | N20: GasPlus | O20: 8000 | P20: 240000
A21: Frying Flour | B21: 400 | C21: 800 | F21: GasPlus | G21: 8000
A22: Frying Oil (Palm) | B22: 150 | C22: 900 | F22: PoultryKing | G22: 1500
A23: Ice Blocks | B23: 200 | C23: 500 | F23: SpiceWorld | G23: 5500
A24: Meal Boxes (Large) | B24: 2000 | C24: 100 | F24: Grand Total | G24: 22500
A25: Meal Boxes (Small) | B25: 3000 | C25: 150
A26: Napkins (Pack) | B26: 500 | C26: 250
A27: Whole Chicken (Frozen) | B27: 500 | C27: 1200
A28: Grand Total | B28: 7370 | C28: 7600

Sheet Issuance
A1: Issuance ID | B1: Item Name | C1: Category | D1: Qty Issued | E1: Unit | F1: Issue Date | G1: Department | H1: Issued By | I1: Authorized By | J1: Notes | M1: Total Items Issued
A2: ISS-015 | B2: Meal Boxes (Small) | C2: Packaging | D2: 800 | E2: Pcs | F2: 45724 | G2: Counter - Ikeja | H2: Emeka O. | I2: Manager C | M2: 2133
A3: ISS-006 | B3: Meal Boxes (Large) | C3: Packaging | D3: 600 | E3: Pcs | F3: 45719 | G3: Counter - VI | H3: Bola T. | I3: Manager B
A4: ISS-001 | B4: Whole Chicken (Frozen) | C4: Protein | D4: 120 | E4: KG | F4: 45717 | G4: Kitchen - Lekki | H4: Ade John | I4: Manager A
A5: ISS-005 | B5: Frying Flour | C5: Dry Goods | D5: 100 | E5: KG | F5: 45719 | G5: Kitchen - Ikeja | H5: Emeka O. | I5: Manager C
A6: ISS-004 | B6: Chicken Wings | C6: Protein | D6: 80 | E6: KG | F6: 45718 | G6: Kitchen - Lekki | H6: Ade John | I6: Manager A
A7: ISS-014 | B7: Chicken Breast | C7: Protein | D7: 75 | E7: KG | F7: 45723 | G7: Kitchen - Ikeja | H7: Emeka O. | I7: Manager C
A8: ISS-002 | B8: Frying Oil (Palm) | C8: Cooking | D8: 40 | E8: Litres | F8: 45717 | G8: Kitchen - VI | H8: Bola T. | I8: Manager B
A9: ISS-010 | B9: Coleslaw Cabbage | C9: Vegetable | D9: 30 | E9: KG | F9: 45721 | G9: Kitchen - Ikeja | H9: Emeka O. | I9: Manager C
A10: ISS-009 | B10: Hot Sauce | C10: Condiment | D10: 25 | E10: Litres | F10: 45721 | G10: Kitchen - VI | H10: Bola T. | I10: Manager B
A11: ISS-008 | B11: Soft Drinks (Crate) | C11: Beverage | D11: 20 | E11: Crates | F11: 45720 | G11: Counter - Lekki | H11: Ade John | I11: Manager A
A12: ISS-011 | B12: Napkins (Pack) | C12: Misc | D12: 150 | E12: Packs | F12: 45722 | G12: Counter - Surulere | H12: Chidi K. | I12: Manager A
A13: ISS-013 | B13: Ice Blocks | C13: Misc | D13: 50 | E13: Bags | F13: 45723 | G13: Counter - VI | H13: Bola T. | I13: Manager B
A14: ISS-003 | B14: Seasoning Mix A | C14: Seasoning | D14: 20 | E14: KG | F14: 45718 | G14: Kitchen - Surulere | H14: Chidi K. | I14: Manager A
... A16: ISS-012 | B16: LPG Gas Cylinder | C16: Utilities | D16: 8 | E16: Units | F16: 45722 | G16: Kitchen - Lekki | H16: Ade John | I16: Manager A
A17: Row Labels | B17: Sum of Qty Issued
A18: Chicken Breast | B18: 75
A19: Chicken Wings | B19: 80
A20: Coleslaw Cabbage | B20: 30
A21: Frying Flour | B21: 100
A22: Frying Oil (Palm) | B22: 40
A23: Ice Blocks | B23: 50
A24: Meal Boxes (Large) | B24: 600
A25: Meal Boxes (Small) | B25: 800
A26: Napkins (Pack) | B26: 150
A27: Whole Chicken (Frozen) | B27: 120
A28: Grand Total | B28: 2045

Sheet Branch
A1: Branch Name | B1: Item Name | C1: Category | D1: Qty Issued | E1: Unit | F1: Date | G1: Issued By | H1: Notes | M1: Active Branches
A2: Lekki | B2: Whole Chicken (Frozen) | C2: Protein | D2: 320 | E2: KG | F2: 45717 | G2: Ade John | M2: 10
A3: Ikeja | B3: Meal Boxes (Large) | C3: Packaging | D3: 280 | E3: Pcs | F3: 45718 | G3: Emeka O.
A4: Victoria Island | B4: Frying Oil (Palm) | C4: Cooking | D4: 210 | E4: Litres | F4: 45717 | G4: Bola T.
A5: Surulere | B5: Frying Flour | C5: Dry Goods | D5: 190 | E5: KG | F5: 45718 | G5: Chidi K.
A6: Ajah | B6: Chicken Wings | C6: Protein | D6: 170 | E6: KG | F6: 45719 | G6: Tunde F.
A7: Yaba | B7: Seasoning Mix A | C7: Seasoning | D7: 145 | E7: KG | F7: 45719 | G7: Kemi S.
A8: Maryland | B8: Pepper (Ground) | C8: Seasoning | D8: 130 | E8: KG | F8: 45720 | G8: Dayo R.
A9: Ikorodu | B9: Hot Sauce | C9: Condiment | D9: 115 | E9: Litres | F9: 45720 | G9: Nkem P. | K9: Ikeja
A10: Badagry | B10: Soft Drinks (Crate) | C10: Beverage | D10: 98 | E10: Crates | F10: 45721 | G10: Seun M.
A11: Festac | B11: Napkins (Pack) | C11: Misc | D11: 90 | E11: Packs | F11: 45721 | G11: Lanre A.
A12: Row Labels | B12: Sum of Qty Issued
A13: Ajah | B13: 170
A14: Badagry | B14: 98
A15: Festac | B15: 90
A16: Ikeja | B16: 280
A17: Ikorodu | B17: 115
A18: Lekki | B18: 320
A19: Maryland | B19: 130
A20: Surulere | B20: 190
A21: Victoria Island | B21: 210
A22: Yaba | B22: 145
A23: Grand Total | B23: 1748
